<?xml version="1.0" encoding="utf-8"?>
<Package xmlns="http://schemas.microsoft.com/appx/manifest/foundation/windows10" xmlns:uap="http://schemas.microsoft.com/appx/manifest/uap/windows10" xmlns:rescap="http://schemas.microsoft.com/appx/manifest/foundation/windows10/restrictedcapabilities">
  <Identity Name="Win32App" ProcessorArchitecture="x64" Publisher="CN=Test" Version="0.0.0.1" />
  <Properties>
    <DisplayName>Win32App</DisplayName>
    <PublisherDisplayName>CN=Test</PublisherDisplayName>
    <Logo>Assets\SampleAppx.50x50.png</Logo>
  </Properties>
  <Resources>
    <Resource Language="en-us" />
  </Resources>
  <Dependencies>
    <TargetDeviceFamily Name="Windows.Desktop" MinVersion="10.0.14332.0" MaxVersionTested="10.0.14332.0" />
  </Dependencies>
  <Capabilities>
    <rescap:Capability Name="runFullTrust" />
	<Capability Name="internetClient" />
  </Capabilities>
  <Applications>
    <Application Id="Win32App" Executable="Win32App.exe" EntryPoint="Windows.FullTrustApplication">
      <uap:VisualElements DisplayName="Win32App" Description="Win32App" BackgroundColor="#777777" Square150x150Logo="Assets\SampleAppx.150x150.png" Square44x44Logo="Assets\SampleAppx.44x44.png" />

      <Extensions>
        <Extension Category="windows.backgroundTasks" EntryPoint="BackgroundTask.SampleBackgroundTask">
          <BackgroundTasks>
			<Task Type="systemEvent" />
            <Task Type="timer" />
          </BackgroundTasks>
        </Extension>
      </Extensions>

    </Application>
  </Applications>

  <Extensions>
    <Extension Category="windows.activatableClass.inProcessServer">
      <InProcessServer>
        <Path>CLRHost.dll</Path>
        <ActivatableClass ActivatableClassId="BackgroundTask.SampleBackgroundTask" ThreadingModel="both" />
      </InProcessServer>
    </Extension>
  </Extensions>

</Package>